PRAGMA foreign_keys=OFF;
BEGIN TRANSACTION;
CREATE TABLE IF NOT EXISTS "django_migrations" ("id" integer NOT NULL PRIMARY KEY AUTOINCREMENT, "app" varchar(255) NOT NULL, "name" varchar(255) NOT NULL, "applied" datetime NOT NULL);
INSERT INTO django_migrations VALUES(1,'contenttypes','0001_initial','2024-01-24 10:00:50.691343');
INSERT INTO django_migrations VALUES(2,'contenttypes','0002_remove_content_type_name','2024-01-24 10:00:50.697936');
INSERT INTO django_migrations VALUES(3,'auth','0001_initial','2024-01-24 10:00:50.709170');
INSERT INTO django_migrations VALUES(4,'auth','0002_alter_permission_name_max_length','2024-01-24 10:00:50.715226');
INSERT INTO django_migrations VALUES(5,'auth','0003_alter_user_email_max_length','2024-01-24 10:00:50.720090');
INSERT INTO django_migrations VALUES(6,'auth','0004_alter_user_username_opts','2024-01-24 10:00:50.726338');
INSERT INTO django_migrations VALUES(7,'auth','0005_alter_user_last_login_null','2024-01-24 10:00:50.730838');
INSERT INTO django_migrations VALUES(8,'auth','0006_require_contenttypes_0002','2024-01-24 10:00:50.732495');
INSERT INTO django_migrations VALUES(9,'auth','0007_alter_validators_add_error_messages','2024-01-24 10:00:50.736862');
INSERT INTO django_migrations VALUES(10,'auth','0008_alter_user_username_max_length','2024-01-24 10:00:50.742102');
INSERT INTO django_migrations VALUES(11,'auth','0009_alter_user_last_name_max_length','2024-01-24 10:00:50.746913');
INSERT INTO django_migrations VALUES(12,'auth','0010_alter_group_name_max_length','2024-01-24 10:00:50.753454');
INSERT INTO django_migrations VALUES(13,'auth','0011_update_proxy_permissions','2024-01-24 10:00:50.757859');
INSERT INTO django_migrations VALUES(14,'auth','0012_alter_user_first_name_max_length','2024-01-24 10:00:50.762824');
INSERT INTO django_migrations VALUES(15,'core','0001_initial','2024-01-24 10:00:50.772487');
INSERT INTO django_migrations VALUES(16,'admin','0001_initial','2024-01-24 10:00:50.781582');
INSERT INTO django_migrations VALUES(17,'admin','0002_logentry_remove_auto_add','2024-01-24 10:00:50.791910');
INSERT INTO django_migrations VALUES(18,'admin','0003_logentry_add_action_flag_choices','2024-01-24 10:00:50.798152');
INSERT INTO django_migrations VALUES(19,'core','0002_alter_usermodel_id','2024-01-24 10:00:50.809673');
INSERT INTO django_migrations VALUES(20,'core','0003_usermodel_created_at_usermodel_is_deleted_and_more','2024-01-24 10:00:50.834324');
INSERT INTO django_migrations VALUES(21,'core','0004_userinvitecode_userinviterelate','2024-01-24 10:00:50.851272');
INSERT INTO django_migrations VALUES(22,'core','0005_userinviterelate_a_b_id','2024-01-24 10:00:50.861714');
INSERT INTO django_migrations VALUES(23,'core','0006_userinviterelate_belong_and_more','2024-01-24 10:00:50.879739');
INSERT INTO django_migrations VALUES(24,'core','0007_remove_userinviterelate_a_b_id_and_more','2024-01-24 10:00:50.899756');
INSERT INTO django_migrations VALUES(25,'core','0008_alter_userinvitecode_user','2024-01-24 10:00:50.911643');
INSERT INTO django_migrations VALUES(26,'sessions','0001_initial','2024-01-24 10:00:50.915287');
INSERT INTO django_migrations VALUES(27,'store','0001_initial','2024-01-24 10:00:50.917978');
INSERT INTO django_migrations VALUES(28,'store','0002_alter_product_description_alter_product_image','2024-01-24 10:00:50.924097');
INSERT INTO django_migrations VALUES(29,'store','0003_productbrand_productcategory_productskugroup_and_more','2024-01-24 10:00:50.941745');
INSERT INTO django_migrations VALUES(30,'urlzip','0001_initial','2024-01-24 10:00:50.971008');
INSERT INTO django_migrations VALUES(31,'urlzip','0002_remove_qrcode_ip_alter_qrcode_type','2024-01-24 10:00:50.986873');
INSERT INTO django_migrations VALUES(32,'store','0004_alter_product_skus','2024-01-24 10:11:16.398702');
INSERT INTO django_migrations VALUES(33,'store','0005_productskugroup_products_alter_product_skus','2024-01-24 10:12:49.315665');
INSERT INTO django_migrations VALUES(34,'store','0006_remove_productsku_old_price_remove_productsku_price','2024-01-24 10:25:03.894440');
INSERT INTO django_migrations VALUES(35,'core','0009_mypermission','2024-01-25 07:31:54.448442');
INSERT INTO django_migrations VALUES(36,'core','0010_usertoken','2024-01-30 10:41:42.460801');
INSERT INTO django_migrations VALUES(37,'core','0011_usertoken_browser_usertoken_device_usertoken_ip_and_more','2024-01-31 13:37:42.267303');
INSERT INTO django_migrations VALUES(38,'core','0012_usertoken_ua','2024-01-31 13:42:00.337629');
INSERT INTO django_migrations VALUES(39,'core','0013_usermodel_avatar','2024-02-01 13:47:13.119548');
INSERT INTO django_migrations VALUES(40,'core','0014_alter_usermodel_avatar','2024-02-01 13:50:27.362439');
INSERT INTO django_migrations VALUES(41,'core','0015_tablemanager','2024-02-01 14:08:34.851587');
INSERT INTO django_migrations VALUES(42,'store','0007_product_status','2024-02-04 14:56:56.945966');
INSERT INTO django_migrations VALUES(43,'core','0016_post','2024-02-09 00:14:25.768824');
INSERT INTO django_migrations VALUES(44,'core','0017_group','2024-02-18 17:52:46.089786');
INSERT INTO django_migrations VALUES(45,'core','0018_permission_alter_group_permissions_and_more','2024-02-18 17:54:55.035419');
INSERT INTO django_migrations VALUES(46,'core','0019_userpermission','2024-02-18 18:04:53.541944');
INSERT INTO django_migrations VALUES(47,'core','0020_remove_permission_is_default','2024-02-18 18:12:10.766374');
INSERT INTO django_migrations VALUES(48,'core','0021_alter_tablemanager_columns','2024-02-19 15:29:03.947942');
INSERT INTO django_migrations VALUES(49,'core','0022_menu','2024-02-19 16:07:57.684703');
INSERT INTO django_migrations VALUES(50,'core','0023_tablemanager_key','2024-02-19 16:22:10.303941');
INSERT INTO django_migrations VALUES(51,'core','0024_alter_tablemanager_key','2024-02-19 16:23:50.369468');
INSERT INTO django_migrations VALUES(52,'core','0025_remove_tablemanager_create_api_url_and_more','2024-02-19 16:26:57.195536');
INSERT INTO django_migrations VALUES(53,'core','0026_alter_tablemanager_columns_and_more','2024-02-19 16:31:14.954698');
INSERT INTO django_migrations VALUES(54,'core','0027_rename_edit_form_fields_tablemanager_add_form_fields','2024-02-19 17:06:28.987248');
INSERT INTO django_migrations VALUES(55,'core','0028_alter_menu_pid','2024-02-19 17:27:40.609655');
CREATE TABLE IF NOT EXISTS "django_content_type" ("id" integer NOT NULL PRIMARY KEY AUTOINCREMENT, "app_label" varchar(100) NOT NULL, "model" varchar(100) NOT NULL);
INSERT INTO django_content_type VALUES(1,'admin','logentry');
INSERT INTO django_content_type VALUES(2,'auth','permission');
INSERT INTO django_content_type VALUES(3,'auth','group');
INSERT INTO django_content_type VALUES(4,'contenttypes','contenttype');
INSERT INTO django_content_type VALUES(5,'sessions','session');
INSERT INTO django_content_type VALUES(6,'core','usermodel');
INSERT INTO django_content_type VALUES(7,'core','userinvitecode');
INSERT INTO django_content_type VALUES(8,'core','userinviterelate');
INSERT INTO django_content_type VALUES(9,'urlzip','link');
INSERT INTO django_content_type VALUES(10,'urlzip','qrcode');
INSERT INTO django_content_type VALUES(11,'urlzip','visitorip');
INSERT INTO django_content_type VALUES(12,'store','product');
INSERT INTO django_content_type VALUES(13,'store','productbrand');
INSERT INTO django_content_type VALUES(14,'store','productcategory');
INSERT INTO django_content_type VALUES(15,'store','productskugroup');
INSERT INTO django_content_type VALUES(16,'store','productsku');
INSERT INTO django_content_type VALUES(17,'core','mypermission');
INSERT INTO django_content_type VALUES(18,'core','usertoken');
INSERT INTO django_content_type VALUES(19,'core','tablemanager');
INSERT INTO django_content_type VALUES(20,'core','post');
INSERT INTO django_content_type VALUES(21,'core','group');
INSERT INTO django_content_type VALUES(22,'core','permission');
INSERT INTO django_content_type VALUES(23,'core','userpermission');
INSERT INTO django_content_type VALUES(24,'core','menu');
CREATE TABLE IF NOT EXISTS "auth_group_permissions" ("id" integer NOT NULL PRIMARY KEY AUTOINCREMENT, "group_id" integer NOT NULL REFERENCES "auth_group" ("id") DEFERRABLE INITIALLY DEFERRED, "permission_id" integer NOT NULL REFERENCES "auth_permission" ("id") DEFERRABLE INITIALLY DEFERRED);
CREATE TABLE IF NOT EXISTS "auth_permission" ("id" integer NOT NULL PRIMARY KEY AUTOINCREMENT, "content_type_id" integer NOT NULL REFERENCES "django_content_type" ("id") DEFERRABLE INITIALLY DEFERRED, "codename" varchar(100) NOT NULL, "name" varchar(255) NOT NULL);
INSERT INTO auth_permission VALUES(1,1,'add_logentry','Can add log entry');
INSERT INTO auth_permission VALUES(2,1,'change_logentry','Can change log entry');
INSERT INTO auth_permission VALUES(3,1,'delete_logentry','Can delete log entry');
INSERT INTO auth_permission VALUES(4,1,'view_logentry','Can view log entry');
INSERT INTO auth_permission VALUES(5,2,'add_permission','Can add permission');
INSERT INTO auth_permission VALUES(6,2,'change_permission','Can change permission');
INSERT INTO auth_permission VALUES(7,2,'delete_permission','Can delete permission');
INSERT INTO auth_permission VALUES(8,2,'view_permission','Can view permission');
INSERT INTO auth_permission VALUES(9,3,'add_group','Can add group');
INSERT INTO auth_permission VALUES(10,3,'change_group','Can change group');
INSERT INTO auth_permission VALUES(11,3,'delete_group','Can delete group');
INSERT INTO auth_permission VALUES(12,3,'view_group','Can view group');
INSERT INTO auth_permission VALUES(13,4,'add_contenttype','Can add content type');
INSERT INTO auth_permission VALUES(14,4,'change_contenttype','Can change content type');
INSERT INTO auth_permission VALUES(15,4,'delete_contenttype','Can delete content type');
INSERT INTO auth_permission VALUES(16,4,'view_contenttype','Can view content type');
INSERT INTO auth_permission VALUES(17,5,'add_session','Can add session');
INSERT INTO auth_permission VALUES(18,5,'change_session','Can change session');
INSERT INTO auth_permission VALUES(19,5,'delete_session','Can delete session');
INSERT INTO auth_permission VALUES(20,5,'view_session','Can view session');
INSERT INTO auth_permission VALUES(21,6,'add_usermodel','Can add User');
INSERT INTO auth_permission VALUES(22,6,'change_usermodel','Can change User');
INSERT INTO auth_permission VALUES(23,6,'delete_usermodel','Can delete User');
INSERT INTO auth_permission VALUES(24,6,'view_usermodel','Can view User');
INSERT INTO auth_permission VALUES(25,7,'add_userinvitecode','Can add 邀请码');
INSERT INTO auth_permission VALUES(26,7,'change_userinvitecode','Can change 邀请码');
INSERT INTO auth_permission VALUES(27,7,'delete_userinvitecode','Can delete 邀请码');
INSERT INTO auth_permission VALUES(28,7,'view_userinvitecode','Can view 邀请码');
INSERT INTO auth_permission VALUES(29,8,'add_userinviterelate','Can add 邀请关系');
INSERT INTO auth_permission VALUES(30,8,'change_userinviterelate','Can change 邀请关系');
INSERT INTO auth_permission VALUES(31,8,'delete_userinviterelate','Can delete 邀请关系');
INSERT INTO auth_permission VALUES(32,8,'view_userinviterelate','Can view 邀请关系');
INSERT INTO auth_permission VALUES(33,9,'add_link','Can add 短链');
INSERT INTO auth_permission VALUES(34,9,'change_link','Can change 短链');
INSERT INTO auth_permission VALUES(35,9,'delete_link','Can delete 短链');
INSERT INTO auth_permission VALUES(36,9,'view_link','Can view 短链');
INSERT INTO auth_permission VALUES(37,10,'add_qrcode','Can add 二维码');
INSERT INTO auth_permission VALUES(38,10,'change_qrcode','Can change 二维码');
INSERT INTO auth_permission VALUES(39,10,'delete_qrcode','Can delete 二维码');
INSERT INTO auth_permission VALUES(40,10,'view_qrcode','Can view 二维码');
INSERT INTO auth_permission VALUES(41,11,'add_visitorip','Can add 短链访客IP记录');
INSERT INTO auth_permission VALUES(42,11,'change_visitorip','Can change 短链访客IP记录');
INSERT INTO auth_permission VALUES(43,11,'delete_visitorip','Can delete 短链访客IP记录');
INSERT INTO auth_permission VALUES(44,11,'view_visitorip','Can view 短链访客IP记录');
INSERT INTO auth_permission VALUES(45,12,'add_product','Can add product');
INSERT INTO auth_permission VALUES(46,12,'change_product','Can change product');
INSERT INTO auth_permission VALUES(47,12,'delete_product','Can delete product');
INSERT INTO auth_permission VALUES(48,12,'view_product','Can view product');
INSERT INTO auth_permission VALUES(49,13,'add_productbrand','Can add 商品品牌');
INSERT INTO auth_permission VALUES(50,13,'change_productbrand','Can change 商品品牌');
INSERT INTO auth_permission VALUES(51,13,'delete_productbrand','Can delete 商品品牌');
INSERT INTO auth_permission VALUES(52,13,'view_productbrand','Can view 商品品牌');
INSERT INTO auth_permission VALUES(53,14,'add_productcategory','Can add 商品分类');
INSERT INTO auth_permission VALUES(54,14,'change_productcategory','Can change 商品分类');
INSERT INTO auth_permission VALUES(55,14,'delete_productcategory','Can delete 商品分类');
INSERT INTO auth_permission VALUES(56,14,'view_productcategory','Can view 商品分类');
INSERT INTO auth_permission VALUES(57,15,'add_productskugroup','Can add 商品规格组');
INSERT INTO auth_permission VALUES(58,15,'change_productskugroup','Can change 商品规格组');
INSERT INTO auth_permission VALUES(59,15,'delete_productskugroup','Can delete 商品规格组');
INSERT INTO auth_permission VALUES(60,15,'view_productskugroup','Can view 商品规格组');
INSERT INTO auth_permission VALUES(61,16,'add_productsku','Can add 商品规格');
INSERT INTO auth_permission VALUES(62,16,'change_productsku','Can change 商品规格');
INSERT INTO auth_permission VALUES(63,16,'delete_productsku','Can delete 商品规格');
INSERT INTO auth_permission VALUES(64,16,'view_productsku','Can view 商品规格');
INSERT INTO auth_permission VALUES(65,17,'add_mypermission','Can add my permission');
INSERT INTO auth_permission VALUES(66,17,'change_mypermission','Can change my permission');
INSERT INTO auth_permission VALUES(67,17,'delete_mypermission','Can delete my permission');
INSERT INTO auth_permission VALUES(68,17,'view_mypermission','Can view my permission');
INSERT INTO auth_permission VALUES(69,18,'add_usertoken','Can add 用户Token');
INSERT INTO auth_permission VALUES(70,18,'change_usertoken','Can change 用户Token');
INSERT INTO auth_permission VALUES(71,18,'delete_usertoken','Can delete 用户Token');
INSERT INTO auth_permission VALUES(72,18,'view_usertoken','Can view 用户Token');
INSERT INTO auth_permission VALUES(73,19,'add_tablemanager','Can add table manager');
INSERT INTO auth_permission VALUES(74,19,'change_tablemanager','Can change table manager');
INSERT INTO auth_permission VALUES(75,19,'delete_tablemanager','Can delete table manager');
INSERT INTO auth_permission VALUES(76,19,'view_tablemanager','Can view table manager');
INSERT INTO auth_permission VALUES(77,20,'add_post','Can add post');
INSERT INTO auth_permission VALUES(78,20,'change_post','Can change post');
INSERT INTO auth_permission VALUES(79,20,'delete_post','Can delete post');
INSERT INTO auth_permission VALUES(80,20,'view_post','Can view post');
INSERT INTO auth_permission VALUES(81,21,'add_group','Can add group');
INSERT INTO auth_permission VALUES(82,21,'change_group','Can change group');
INSERT INTO auth_permission VALUES(83,21,'delete_group','Can delete group');
INSERT INTO auth_permission VALUES(84,21,'view_group','Can view group');
INSERT INTO auth_permission VALUES(85,22,'add_permission','Can add 权限');
INSERT INTO auth_permission VALUES(86,22,'change_permission','Can change 权限');
INSERT INTO auth_permission VALUES(87,22,'delete_permission','Can delete 权限');
INSERT INTO auth_permission VALUES(88,22,'view_permission','Can view 权限');
INSERT INTO auth_permission VALUES(89,23,'add_userpermission','Can add user permission');
INSERT INTO auth_permission VALUES(90,23,'change_userpermission','Can change user permission');
INSERT INTO auth_permission VALUES(91,23,'delete_userpermission','Can delete user permission');
INSERT INTO auth_permission VALUES(92,23,'view_userpermission','Can view user permission');
INSERT INTO auth_permission VALUES(93,24,'add_menu','Can add menu');
INSERT INTO auth_permission VALUES(94,24,'change_menu','Can change menu');
INSERT INTO auth_permission VALUES(95,24,'delete_menu','Can delete menu');
INSERT INTO auth_permission VALUES(96,24,'view_menu','Can view menu');
CREATE TABLE IF NOT EXISTS "auth_group" ("id" integer NOT NULL PRIMARY KEY AUTOINCREMENT, "name" varchar(150) NOT NULL UNIQUE);
CREATE TABLE IF NOT EXISTS "core_usermodel_groups" ("id" integer NOT NULL PRIMARY KEY AUTOINCREMENT, "usermodel_id" bigint NOT NULL REFERENCES "core_usermodel" ("id") DEFERRABLE INITIALLY DEFERRED, "group_id" integer NOT NULL REFERENCES "auth_group" ("id") DEFERRABLE INITIALLY DEFERRED);
CREATE TABLE IF NOT EXISTS "core_usermodel_user_permissions" ("id" integer NOT NULL PRIMARY KEY AUTOINCREMENT, "usermodel_id" bigint NOT NULL REFERENCES "core_usermodel" ("id") DEFERRABLE INITIALLY DEFERRED, "permission_id" integer NOT NULL REFERENCES "auth_permission" ("id") DEFERRABLE INITIALLY DEFERRED);
CREATE TABLE IF NOT EXISTS "django_admin_log" ("id" integer NOT NULL PRIMARY KEY AUTOINCREMENT, "object_id" text NULL, "object_repr" varchar(200) NOT NULL, "action_flag" smallint unsigned NOT NULL CHECK ("action_flag" >= 0), "change_message" text NOT NULL, "content_type_id" integer NULL REFERENCES "django_content_type" ("id") DEFERRABLE INITIALLY DEFERRED, "user_id" bigint NOT NULL REFERENCES "core_usermodel" ("id") DEFERRABLE INITIALLY DEFERRED, "action_time" datetime NOT NULL);
INSERT INTO django_admin_log VALUES(17,'6','suke',1,'[{"added": {}}]',6,5,'2024-02-18 00:07:22.803135');
INSERT INTO django_admin_log VALUES(18,'1','dtk',1,'[{"added": {}}]',22,5,'2024-02-18 18:20:05.706190');
INSERT INTO django_admin_log VALUES(19,'1','UserPermission object (1)',1,'[{"added": {}}]',23,5,'2024-02-18 18:20:19.288969');
INSERT INTO django_admin_log VALUES(20,'1','dtk',2,'[{"changed": {"fields": ["Code"]}}]',22,5,'2024-02-18 18:21:59.973398');
CREATE TABLE IF NOT EXISTS "core_userinviterelate" ("id" integer NOT NULL PRIMARY KEY AUTOINCREMENT, "uuid" char(32) NOT NULL, "created_at" datetime NOT NULL, "updated_at" datetime NOT NULL, "is_deleted" bool NOT NULL, "invite_id" integer NULL REFERENCES "core_userinvitecode" ("id") DEFERRABLE INITIALLY DEFERRED, "user_id" integer NULL REFERENCES "core_usermodel" ("id") DEFERRABLE INITIALLY DEFERRED, "belong_id" integer NULL REFERENCES "core_usermodel" ("id") DEFERRABLE INITIALLY DEFERRED, "invite_user_unique_id" varchar(10) NOT NULL UNIQUE);
CREATE TABLE IF NOT EXISTS "core_userinvitecode" ("id" integer NOT NULL PRIMARY KEY AUTOINCREMENT, "uuid" char(32) NOT NULL, "created_at" datetime NOT NULL, "updated_at" datetime NOT NULL, "is_deleted" bool NOT NULL, "code" varchar(10) NOT NULL UNIQUE, "used" bool NOT NULL, "user_id" integer NOT NULL REFERENCES "core_usermodel" ("id") DEFERRABLE INITIALLY DEFERRED);
CREATE TABLE IF NOT EXISTS "django_session" ("session_key" varchar(40) NOT NULL PRIMARY KEY, "session_data" text NOT NULL, "expire_date" datetime NOT NULL);
INSERT INTO django_session VALUES('nvkbwgrtbornd3uko5ass2dcoppqtihi','.eJxVjDsOwjAQBe_iGlleZ_0JJT1nsNZeLw6gRMqnQtwdIqWA9s3Me6lE29rSttQ5DazOCtTpd8tUHnXcAd9pvE26TOM6D1nvij7ooq8T1-flcP8OGi3tW6MA-EKeSwAfXO-RAjBLT1IcZjEx1kpdDLY6B2gE2bKJkDvpLQuq9wfpQDgM:1rSa4d:mY0zwzxkwjwMMbdLlybm03sDkpN8U5ZZ72d3m0QgF8U','2024-02-07 10:01:35.272576');
INSERT INTO django_session VALUES('3bqa0wcscpncc9qyyhfe3s7ihu7hou9t','.eJxVjDsOwjAQBe_iGlleZ_0JJT1nsNZeLw6gRMqnQtwdIqWA9s3Me6lE29rSttQ5DazOCtTpd8tUHnXcAd9pvE26TOM6D1nvij7ooq8T1-flcP8OGi3tW6MA-EKeSwAfXO-RAjBLT1IcZjEx1kpdDLY6B2gE2bKJkDvpLQuq9wfpQDgM:1rUhqe:MlVgP-MLmKOnmhPY6oZu0n_gAKggrez7n7c9XJmWrQ4','2024-02-13 06:43:56.034529');
INSERT INTO django_session VALUES('krs0tqjex40imo0wa6utj399aoq5jocm','.eJxVjDEOwjAMRe-SGUUpKdhmZO8ZIrt2aAE1UtNOiLtDpQ6w_vfef7nE6zKktdqcRnUXd3KH3024f9i0Ab3zdCu-L9Myj-I3xe-0-q6oPa-7-3cwcB2-dRY0UwWEQBEaEoM2K2HDETAoA7aRRBG1FzPi5pwlas4chI7K5N4fBHw5HA:1rbeDV:n_wmQt3iTgInq0Rv59K_lrHw9zGhQ65196R8Cio93-M','2024-03-03 18:16:13.824006');
CREATE TABLE IF NOT EXISTS "store_productbrand" ("id" integer NOT NULL PRIMARY KEY AUTOINCREMENT, "uuid" char(32) NOT NULL, "created_at" datetime NOT NULL, "updated_at" datetime NOT NULL, "is_deleted" bool NOT NULL, "name" varchar(255) NOT NULL, "description" text NOT NULL);
CREATE TABLE IF NOT EXISTS "store_productcategory" ("id" integer NOT NULL PRIMARY KEY AUTOINCREMENT, "uuid" char(32) NOT NULL, "created_at" datetime NOT NULL, "updated_at" datetime NOT NULL, "is_deleted" bool NOT NULL, "name" varchar(255) NOT NULL, "description" text NOT NULL);
INSERT INTO store_productcategory VALUES(1,'f74c572b441a4a369792ac4a3e5933a1','2024-01-24 10:01:45.905242','2024-01-24 10:01:45.905269',0,'FastAdmin','');
CREATE TABLE IF NOT EXISTS "store_productskugroup" ("id" integer NOT NULL PRIMARY KEY AUTOINCREMENT, "uuid" char(32) NOT NULL, "created_at" datetime NOT NULL, "updated_at" datetime NOT NULL, "is_deleted" bool NOT NULL, "name" varchar(255) NOT NULL, "description" text NOT NULL);
INSERT INTO store_productskugroup VALUES(1,'3b172513656e4e688393af1725b1c66b','2024-01-24 10:01:53.259998','2024-01-24 10:01:53.260023',0,'文章','');
INSERT INTO store_productskugroup VALUES(2,'5a3310bdee8e4266976401b8cf6838fc','2024-01-24 10:06:50.272119','2024-01-24 10:06:50.272142',0,'FastAdmin','');
CREATE TABLE IF NOT EXISTS "store_productsku" ("id" integer NOT NULL PRIMARY KEY AUTOINCREMENT, "uuid" char(32) NOT NULL, "created_at" datetime NOT NULL, "updated_at" datetime NOT NULL, "is_deleted" bool NOT NULL, "name" varchar(255) NOT NULL, "description" text NOT NULL, "group_id" integer NOT NULL REFERENCES "store_productskugroup" ("id") DEFERRABLE INITIALLY DEFERRED);
INSERT INTO store_productsku VALUES(1,'603b0fc6be884b41aee2640c2729e4b3','2024-01-24 10:02:05.718627','2024-01-24 10:02:05.718652',0,'FastAdmin','',1);
CREATE TABLE IF NOT EXISTS "store_product_skus" ("id" integer NOT NULL PRIMARY KEY AUTOINCREMENT, "product_id" integer NOT NULL REFERENCES "store_product" ("id") DEFERRABLE INITIALLY DEFERRED, "productskugroup_id" integer NOT NULL REFERENCES "store_productskugroup" ("id") DEFERRABLE INITIALLY DEFERRED);
CREATE TABLE IF NOT EXISTS "urlzip_link" ("id" integer NOT NULL PRIMARY KEY AUTOINCREMENT, "uuid" char(32) NOT NULL, "is_deleted" bool NOT NULL, "url" varchar(2000) NOT NULL UNIQUE, "description" text NOT NULL, "created_at" datetime NOT NULL, "updated_at" datetime NOT NULL, "sort_url" varchar(10) NOT NULL UNIQUE, "status" varchar(10) NOT NULL, "posted_by_id" integer NULL REFERENCES "core_usermodel" ("id") DEFERRABLE INITIALLY DEFERRED);
CREATE TABLE IF NOT EXISTS "urlzip_visitorip" ("id" integer NOT NULL PRIMARY KEY AUTOINCREMENT, "uuid" char(32) NOT NULL, "updated_at" datetime NOT NULL, "is_deleted" bool NOT NULL, "ip" varchar(20) NOT NULL, "created_at" datetime NOT NULL, "link_id" integer NULL REFERENCES "urlzip_link" ("id") DEFERRABLE INITIALLY DEFERRED);
CREATE TABLE IF NOT EXISTS "urlzip_qrcode" ("id" integer NOT NULL PRIMARY KEY AUTOINCREMENT, "uuid" char(32) NOT NULL, "created_at" datetime NOT NULL, "updated_at" datetime NOT NULL, "is_deleted" bool NOT NULL, "originUrl" varchar(2000) NULL, "text" text NOT NULL, "image" varchar(100) NOT NULL, "short_id" integer NULL REFERENCES "urlzip_link" ("id") DEFERRABLE INITIALLY DEFERRED, "type" varchar(10) NOT NULL);
CREATE TABLE IF NOT EXISTS "store_productskugroup_products" ("id" integer NOT NULL PRIMARY KEY AUTOINCREMENT, "productskugroup_id" integer NOT NULL REFERENCES "store_productskugroup" ("id") DEFERRABLE INITIALLY DEFERRED, "product_id" integer NOT NULL REFERENCES "store_product" ("id") DEFERRABLE INITIALLY DEFERRED);
CREATE TABLE IF NOT EXISTS "core_usertoken" ("id" integer NOT NULL PRIMARY KEY AUTOINCREMENT, "uuid" char(32) NOT NULL, "created_at" datetime NOT NULL, "updated_at" datetime NOT NULL, "is_deleted" bool NOT NULL, "token" varchar(100) NOT NULL UNIQUE, "expired_at" datetime NOT NULL, "user_id" integer NULL REFERENCES "core_usermodel" ("id") DEFERRABLE INITIALLY DEFERRED, "browser" varchar(100) NULL, "device" varchar(100) NULL, "ip" varchar(100) NULL, "is_mobile" bool NOT NULL, "location" varchar(100) NULL, "platform" varchar(100) NULL, "ua" varchar(1000) NULL);
INSERT INTO core_usertoken VALUES(53,'a971b43a78734c599d910666c58a44b6','2024-02-18 00:15:55.950480','2024-02-18 15:17:48.869469',0,'35ad65b1-6974-4691-acc0-9af4573837c4','2024-02-17 15:17:48.869311',5,NULL,'Macintosh','127.0.0.1',0,NULL,NULL,'Mozilla/5.0 (Macintosh; Intel Mac OS X 10_15_7) AppleWebKit/537.36 (KHTML, like Gecko) Chrome/121.0.0.0 Safari/537.36');
INSERT INTO core_usertoken VALUES(54,'a185d7f652c044ceab767c175596aba9','2024-02-18 10:07:18.065156','2024-02-18 15:17:48.871528',0,'06dd33f6-f0ae-4a28-bf57-e2c7998a86ab','2024-02-17 15:17:48.871422',5,NULL,'Macintosh','127.0.0.1',0,NULL,NULL,'Mozilla/5.0 (Macintosh; Intel Mac OS X 10_15_7) AppleWebKit/537.36 (KHTML, like Gecko) Chrome/121.0.0.0 Safari/537.36');
INSERT INTO core_usertoken VALUES(55,'1aaa0ad816d74096957629f10cdcfeb6','2024-02-18 15:14:43.831379','2024-02-18 15:17:48.873741',0,'87cda9ba-65a2-42bb-895c-d8951b0553cd','2024-02-17 15:17:48.873442',5,NULL,'Macintosh','127.0.0.1',0,NULL,NULL,'Mozilla/5.0 (Macintosh; Intel Mac OS X 10_15_7) AppleWebKit/537.36 (KHTML, like Gecko) Chrome/121.0.0.0 Safari/537.36');
INSERT INTO core_usertoken VALUES(56,'dc61094e5fcd49cb8fbb7fed057facd7','2024-02-18 15:16:39.198599','2024-02-18 15:17:48.876477',0,'334e663f-011c-473b-82b0-de42ea6605ab','2024-02-17 15:17:48.876251',5,NULL,'Macintosh','127.0.0.1',0,NULL,NULL,'Mozilla/5.0 (Macintosh; Intel Mac OS X 10_15_7) AppleWebKit/537.36 (KHTML, like Gecko) Chrome/121.0.0.0 Safari/537.36');
INSERT INTO core_usertoken VALUES(57,'e6afeae762d44e68af20ae62c699d1dc','2024-02-18 15:17:57.882103','2024-02-18 15:46:56.003643',0,'2b0182dd-dfa7-49a9-a33b-6d81aba47a90','2024-02-17 15:46:56.003460',5,NULL,'Macintosh','127.0.0.1',0,NULL,NULL,'Mozilla/5.0 (Macintosh; Intel Mac OS X 10_15_7) AppleWebKit/537.36 (KHTML, like Gecko) Chrome/121.0.0.0 Safari/537.36');
INSERT INTO core_usertoken VALUES(58,'f34297f2c6d6420b866934ad0bb7f681','2024-02-18 15:47:10.412997','2024-02-18 18:12:38.435022',0,'28c8008d-4708-4a7b-826b-fc0f3d938722','2024-02-17 18:12:38.434861',5,NULL,'Macintosh','127.0.0.1',0,NULL,NULL,'Mozilla/5.0 (Macintosh; Intel Mac OS X 10_15_7) AppleWebKit/537.36 (KHTML, like Gecko) Chrome/121.0.0.0 Safari/537.36');
INSERT INTO core_usertoken VALUES(59,'596ccec941d34b1497a8abd937ced47e','2024-02-18 18:23:13.990176','2024-02-19 14:09:52.976597',0,'f4aa2079-c791-445d-958f-071d72e5afa1','2024-02-18 14:09:52.976353',5,NULL,'Macintosh','127.0.0.1',0,NULL,NULL,'Mozilla/5.0 (Macintosh; Intel Mac OS X 10_15_7) AppleWebKit/537.36 (KHTML, like Gecko) Chrome/121.0.0.0 Safari/537.36');
INSERT INTO core_usertoken VALUES(60,'1b0ba868ea2848b9aa40ff2eb1e33d3a','2024-02-19 14:10:00.414839','2024-02-19 14:10:00.414857',0,'b7fc039a-7ff6-4d63-808e-886fa2e86c37','2024-02-20 14:10:00.414711',5,NULL,'Macintosh','127.0.0.1',0,NULL,NULL,'Mozilla/5.0 (Macintosh; Intel Mac OS X 10_15_7) AppleWebKit/537.36 (KHTML, like Gecko) Chrome/121.0.0.0 Safari/537.36');
CREATE TABLE IF NOT EXISTS "core_usermodel" ("id" integer NOT NULL PRIMARY KEY AUTOINCREMENT, "password" varchar(128) NOT NULL, "last_login" datetime NULL, "is_superuser" bool NOT NULL, "username" varchar(150) NOT NULL UNIQUE, "first_name" varchar(150) NOT NULL, "last_name" varchar(150) NOT NULL, "email" varchar(254) NOT NULL, "is_staff" bool NOT NULL, "is_active" bool NOT NULL, "date_joined" datetime NOT NULL, "uuid" char(32) NOT NULL, "bio" text NOT NULL, "point" integer NOT NULL, "created_at" datetime NOT NULL, "is_deleted" bool NOT NULL, "updated_at" datetime NOT NULL, "avatar" varchar(1000) NULL);
INSERT INTO core_usermodel VALUES(5,'pbkdf2_sha256$720000$pHyFf1mZpNykwHTFWJNSCn$MhCbE74ech7JWufRwrDtaWxSr43E0UQSSjKfeJK+Vbo=','2024-02-18 18:16:13.822125',1,'admin','','','admin@mail.com',1,1,'2024-02-18 00:06:55.980719','fb8df91f2564478786025978d29c8b86','',0,'2024-02-18 00:06:56.472158',0,'2024-02-18 00:06:56.472171','');
INSERT INTO core_usermodel VALUES(6,'suke',NULL,1,'suke','','','',0,1,'2024-02-18 00:07:00','0d3ec3f37e264952814eea8fcd2559ab','',0,'2024-02-18 00:07:22.799809',0,'2024-02-18 00:07:22.799826','');
CREATE TABLE IF NOT EXISTS "store_product" ("id" integer NOT NULL PRIMARY KEY AUTOINCREMENT, "uuid" char(32) NOT NULL, "created_at" datetime NOT NULL, "updated_at" datetime NOT NULL, "is_deleted" bool NOT NULL, "name" varchar(255) NOT NULL, "price" decimal NOT NULL, "image" varchar(100) NULL, "description" text NOT NULL, "category_id" integer NOT NULL REFERENCES "store_productcategory" ("id") DEFERRABLE INITIALLY DEFERRED, "status" bool NOT NULL);
INSERT INTO store_product VALUES(3,'9f5748141e3140d88dac47e1bb926170','2024-02-07 02:15:03.360089','2024-02-07 03:05:29.624305',0,'123',123,'','',1,1);
INSERT INTO store_product VALUES(4,'9a6948dc766d4dc39730342ce76e9768','2024-02-07 02:16:03.106176','2024-02-19 13:34:27.881409',0,'for sale',0.07000000000000000667,'','',1,0);
INSERT INTO store_product VALUES(7,'aa2966cc83274b4b846e27bf04e96aa1','2024-02-07 03:18:19.357865','2024-02-07 03:18:19.357894',0,'hhsg',1,'','',1,1);
INSERT INTO store_product VALUES(8,'4a8960afd22e46d19d09df52e8b81273','2024-02-07 03:18:26.282735','2024-02-10 23:50:30.817760',0,'123',123,'','',1,0);
INSERT INTO store_product VALUES(9,'46dada6e955a4828a962d669fcb9276e','2024-02-07 03:18:33.100938','2024-02-19 09:01:47.407665',0,'123',123,'','',1,1);
INSERT INTO store_product VALUES(12,'84f14da2815948ea91ef43551d292954','2024-02-10 23:36:07.543207','2024-02-15 20:56:58.310475',0,'fghj',8,'','',1,1);
CREATE TABLE IF NOT EXISTS "core_post" ("id" integer NOT NULL PRIMARY KEY AUTOINCREMENT, "uuid" char(32) NOT NULL, "created_at" datetime NOT NULL, "updated_at" datetime NOT NULL, "is_deleted" bool NOT NULL, "title" varchar(100) NOT NULL, "content" text NOT NULL, "user_id" integer NULL REFERENCES "core_usermodel" ("id") DEFERRABLE INITIALLY DEFERRED);
INSERT INTO core_post VALUES(17,'0057aa46a7014eb3a7aa840b06ac2fa3','2024-02-18 08:49:00.363376','2024-02-18 08:49:00.366994',0,'USA Political News Today | U.S Politics News','USA Political News Today | U.S Politics News',6);
CREATE TABLE IF NOT EXISTS "core_group" ("id" integer NOT NULL PRIMARY KEY AUTOINCREMENT, "uuid" char(32) NOT NULL, "created_at" datetime NOT NULL, "updated_at" datetime NOT NULL, "is_deleted" bool NOT NULL, "name" varchar(100) NOT NULL);
CREATE TABLE IF NOT EXISTS "core_permission" ("id" integer NOT NULL PRIMARY KEY AUTOINCREMENT, "uuid" char(32) NOT NULL, "created_at" datetime NOT NULL, "updated_at" datetime NOT NULL, "is_deleted" bool NOT NULL, "name" varchar(100) NOT NULL, "code" varchar(100) NOT NULL, "description" varchar(1000) NULL, "is_enabled" bool NOT NULL);
INSERT INTO core_permission VALUES(1,'df3d282d22df4176ac3386a0d82100ca','2024-02-18 18:20:05.705062','2024-02-18 18:21:59.972346',0,'dtk','dtk_api',NULL,1);
CREATE TABLE IF NOT EXISTS "core_group_permissions" ("id" integer NOT NULL PRIMARY KEY AUTOINCREMENT, "group_id" integer NOT NULL REFERENCES "core_group" ("id") DEFERRABLE INITIALLY DEFERRED, "permission_id" integer NOT NULL REFERENCES "core_permission" ("id") DEFERRABLE INITIALLY DEFERRED);
CREATE TABLE IF NOT EXISTS "core_userpermission" ("id" integer NOT NULL PRIMARY KEY AUTOINCREMENT, "uuid" char(32) NOT NULL, "created_at" datetime NOT NULL, "updated_at" datetime NOT NULL, "is_deleted" bool NOT NULL, "permission_id" integer NOT NULL REFERENCES "core_permission" ("id") DEFERRABLE INITIALLY DEFERRED, "user_id" integer NOT NULL REFERENCES "core_usermodel" ("id") DEFERRABLE INITIALLY DEFERRED);
INSERT INTO core_userpermission VALUES(1,'46cb665742b4427cb7ee15b2e02caab1','2024-02-18 18:20:19.288124','2024-02-18 18:20:19.288152',0,1,5);
CREATE TABLE IF NOT EXISTS "core_tablemanager" ("id" integer NOT NULL PRIMARY KEY AUTOINCREMENT, "uuid" char(32) NOT NULL, "created_at" datetime NOT NULL, "updated_at" datetime NOT NULL, "is_deleted" bool NOT NULL, "title" varchar(100) NOT NULL, "description" varchar(1000) NULL, "api_url" varchar(1000) NULL, "columns" text NULL, "add_form_fields" text NULL, "key" varchar(100) NOT NULL UNIQUE, "search_form_fields" text NULL);
INSERT INTO core_tablemanager VALUES(11,'4af3403713454d229a1565a4bcd6a898','2024-02-19 17:16:03.381662','2024-02-19 17:56:29.757011',0,'菜单管理','系统后台菜单管理','menuManager','[{"title": "title", "type": "", "key": "title", "dataIndex": "", "width": "320"}, {"title": "id", "type": "", "key": "id", "dataIndex": "0", "width": "50"}]','[[{"label": "title", "name": "title", "type": "", "placeholder": "place..", "required": "1", "disabled": false, "defaultValue": "", "hidden": false, "clearable": false, "showPassword": false, "remoteDataApi": "", "prefix": "", "suffix": "", "epInputType": ""}, {"label": "parent", "name": "pid", "type": "select", "placeholder": "", "required": "", "disabled": false, "defaultValue": "", "hidden": false, "clearable": false, "showPassword": false, "remoteDataApi": "/menuManager", "prefix": "", "suffix": "", "epInputType": "", "width": "200px"}], [{"label": "component", "name": "component", "type": "", "placeholder": "", "required": "1", "disabled": false, "defaultValue": "", "hidden": false, "clearable": false, "showPassword": false, "remoteDataApi": "", "prefix": "", "suffix": "", "epInputType": ""}], [{"label": "path", "name": "path", "type": "", "placeholder": "", "required": "1", "disabled": false, "defaultValue": "", "hidden": false, "clearable": false, "showPassword": false, "remoteDataApi": "", "prefix": "", "suffix": "", "epInputType": ""}, {"label": "key", "name": "key", "type": "", "placeholder": "", "required": "1", "disabled": false, "defaultValue": "", "hidden": false, "clearable": false, "showPassword": false, "remoteDataApi": "", "prefix": "", "suffix": "", "epInputType": ""}, {"label": "icon", "name": "icon", "type": "", "placeholder": "", "required": "1", "disabled": false, "defaultValue": "", "hidden": false, "clearable": false, "showPassword": false, "remoteDataApi": "", "prefix": "", "suffix": "", "epInputType": ""}]]','Menus','[{"title": "title", "type": "input", "key": "title", "width": 120, "placeholder": " \u8bf7\u8f93\u5165\u6807\u9898", "label": "\u6807\u9898", "name": "title"}]');
CREATE TABLE IF NOT EXISTS "core_menu" ("id" integer NOT NULL PRIMARY KEY AUTOINCREMENT, "uuid" char(32) NOT NULL, "created_at" datetime NOT NULL, "updated_at" datetime NOT NULL, "is_deleted" bool NOT NULL, "title" varchar(100) NOT NULL, "icon" varchar(100) NULL, "component" varchar(100) NULL, "path" varchar(100) NULL, "key" varchar(100) NULL, "pid" integer NULL);
INSERT INTO core_menu VALUES(3,'3bd37e149ca441dfb1b3c8f89d9df4b0','2024-02-19 17:39:40.478475','2024-02-19 17:39:46.043202',0,'123','123','123','123','123',2);
INSERT INTO core_menu VALUES(4,'ce47b33af2d5483286678c58f8846552','2024-02-19 17:40:03.861450','2024-02-19 17:40:03.863065',0,'123213','123','123','123','123123',3);
DELETE FROM sqlite_sequence;
INSERT INTO sqlite_sequence VALUES('django_migrations',55);
INSERT INTO sqlite_sequence VALUES('django_content_type',24);
INSERT INTO sqlite_sequence VALUES('auth_permission',96);
INSERT INTO sqlite_sequence VALUES('auth_group',0);
INSERT INTO sqlite_sequence VALUES('django_admin_log',20);
INSERT INTO sqlite_sequence VALUES('core_userinviterelate',0);
INSERT INTO sqlite_sequence VALUES('core_userinvitecode',0);
INSERT INTO sqlite_sequence VALUES('urlzip_qrcode',0);
INSERT INTO sqlite_sequence VALUES('store_productcategory',1);
INSERT INTO sqlite_sequence VALUES('store_productskugroup',2);
INSERT INTO sqlite_sequence VALUES('store_productsku',1);
INSERT INTO sqlite_sequence VALUES('store_product_skus',3);
INSERT INTO sqlite_sequence VALUES('core_usertoken',60);
INSERT INTO sqlite_sequence VALUES('core_usermodel',6);
INSERT INTO sqlite_sequence VALUES('store_product',12);
INSERT INTO sqlite_sequence VALUES('core_post',19);
INSERT INTO sqlite_sequence VALUES('core_group_permissions',0);
INSERT INTO sqlite_sequence VALUES('core_permission',1);
INSERT INTO sqlite_sequence VALUES('core_userpermission',1);
INSERT INTO sqlite_sequence VALUES('core_tablemanager',11);
INSERT INTO sqlite_sequence VALUES('core_menu',4);
CREATE UNIQUE INDEX "django_content_type_app_label_model_76bd3d3b_uniq" ON "django_content_type" ("app_label", "model");
CREATE UNIQUE INDEX "auth_group_permissions_group_id_permission_id_0cd325b0_uniq" ON "auth_group_permissions" ("group_id", "permission_id");
CREATE INDEX "auth_group_permissions_group_id_b120cbf9" ON "auth_group_permissions" ("group_id");
CREATE INDEX "auth_group_permissions_permission_id_84c5c92e" ON "auth_group_permissions" ("permission_id");
CREATE UNIQUE INDEX "auth_permission_content_type_id_codename_01ab375a_uniq" ON "auth_permission" ("content_type_id", "codename");
CREATE INDEX "auth_permission_content_type_id_2f476e4b" ON "auth_permission" ("content_type_id");
CREATE UNIQUE INDEX "core_usermodel_groups_usermodel_id_group_id_a1132a58_uniq" ON "core_usermodel_groups" ("usermodel_id", "group_id");
CREATE INDEX "core_usermodel_groups_usermodel_id_a8f1d790" ON "core_usermodel_groups" ("usermodel_id");
CREATE INDEX "core_usermodel_groups_group_id_3e09c396" ON "core_usermodel_groups" ("group_id");
CREATE UNIQUE INDEX "core_usermodel_user_permissions_usermodel_id_permission_id_f006c986_uniq" ON "core_usermodel_user_permissions" ("usermodel_id", "permission_id");
CREATE INDEX "core_usermodel_user_permissions_usermodel_id_f57a4a6b" ON "core_usermodel_user_permissions" ("usermodel_id");
CREATE INDEX "core_usermodel_user_permissions_permission_id_b05b12d7" ON "core_usermodel_user_permissions" ("permission_id");
CREATE INDEX "django_admin_log_content_type_id_c4bce8eb" ON "django_admin_log" ("content_type_id");
CREATE INDEX "django_admin_log_user_id_c564eba6" ON "django_admin_log" ("user_id");
CREATE INDEX "core_userinviterelate_invite_id_aa648c4b" ON "core_userinviterelate" ("invite_id");
CREATE INDEX "core_userinviterelate_user_id_403dc6ce" ON "core_userinviterelate" ("user_id");
CREATE INDEX "core_userinviterelate_belong_id_22b39a07" ON "core_userinviterelate" ("belong_id");
CREATE INDEX "core_userinvitecode_user_id_0929c873" ON "core_userinvitecode" ("user_id");
CREATE INDEX "django_session_expire_date_a5c62663" ON "django_session" ("expire_date");
CREATE INDEX "store_productsku_group_id_d0fb04c0" ON "store_productsku" ("group_id");
CREATE UNIQUE INDEX "store_product_skus_product_id_productskugroup_id_b63f3fc7_uniq" ON "store_product_skus" ("product_id", "productskugroup_id");
CREATE INDEX "store_product_skus_product_id_69e5d94e" ON "store_product_skus" ("product_id");
CREATE INDEX "store_product_skus_productskugroup_id_91b43058" ON "store_product_skus" ("productskugroup_id");
CREATE INDEX "urlzip_link_posted_by_id_28ea5ba3" ON "urlzip_link" ("posted_by_id");
CREATE INDEX "urlzip_visitorip_link_id_a919397f" ON "urlzip_visitorip" ("link_id");
CREATE INDEX "urlzip_qrcode_short_id_96bd4b42" ON "urlzip_qrcode" ("short_id");
CREATE UNIQUE INDEX "store_productskugroup_products_productskugroup_id_product_id_19598770_uniq" ON "store_productskugroup_products" ("productskugroup_id", "product_id");
CREATE INDEX "store_productskugroup_products_productskugroup_id_5fc9c5a9" ON "store_productskugroup_products" ("productskugroup_id");
CREATE INDEX "store_productskugroup_products_product_id_a3d6b325" ON "store_productskugroup_products" ("product_id");
CREATE INDEX "core_usertoken_user_id_a6c8e933" ON "core_usertoken" ("user_id");
CREATE INDEX "store_product_category_id_574bae65" ON "store_product" ("category_id");
CREATE INDEX "core_post_user_id_ae5590f8" ON "core_post" ("user_id");
CREATE UNIQUE INDEX "core_group_permissions_group_id_permission_id_a40642bd_uniq" ON "core_group_permissions" ("group_id", "permission_id");
CREATE INDEX "core_group_permissions_group_id_45fa51d4" ON "core_group_permissions" ("group_id");
CREATE INDEX "core_group_permissions_permission_id_5284c72f" ON "core_group_permissions" ("permission_id");
CREATE INDEX "core_userpermission_permission_id_d40cc194" ON "core_userpermission" ("permission_id");
CREATE INDEX "core_userpermission_user_id_2b95370e" ON "core_userpermission" ("user_id");
COMMIT;
